athlete_id,skill_level,reaction_time,front_block_angle,rear_block_angle,front_knee_angle,rear_knee_angle,TBCG,RFmax,time_to_10m,time_to_20m,time_to_30m
1,Elite,0.151,45.6,57.9,100.5,122.3,41.9,0.63,1.55,2.8,3.78
2,Elite,0.149,54.3,58.9,98.0,138.8,45.4,0.6,1.5,2.8,3.78
3,Elite,0.122,51.0,63.5,94.6,132.6,48.7,0.56,1.5,2.8,3.82
4,Elite,0.14,49.0,58.2,102.2,126.7,47.3,0.56,1.82,2.96,3.84
5,Elite,0.143,42.3,56.7,100.3,122.8,48.1,0.62,1.5,2.99,3.86
6,Elite,0.144,42.3,60.6,92.4,135.9,46.6,0.59,1.5,2.91,3.84
7,Elite,0.155,40.9,64.4,103.7,132.4,46.9,0.57,1.5,2.86,3.84
8,Elite,0.152,53.0,62.0,102.3,130.7,48.5,0.6,1.5,2.8,3.78
9,Elite,0.156,49.0,60.7,104.2,137.9,42.5,0.56,1.5,2.8,3.8
10,Elite,0.166,50.6,56.0,100.9,135.8,44.9,0.61,1.75,2.97,3.8
11,Elite,0.169,40.3,61.2,99.2,123.0,42.2,0.58,1.52,2.97,3.79
12,Elite,0.163,54.5,64.9,96.3,126.2,49.9,0.63,1.68,2.8,3.73
13,Elite,0.177,52.5,56.4,104.0,125.0,49.4,0.58,1.5,2.8,3.8
14,Elite,0.121,43.2,60.2,103.0,134.9,40.4,0.6,1.5,2.94,3.84
15,Elite,0.132,42.7,63.8,90.7,120.7,47.1,0.55,1.5,2.8,3.82
16,Elite,0.12,42.8,62.4,90.4,131.4,49.3,0.56,1.5,2.94,3.87
17,Elite,0.159,44.6,62.0,95.6,135.2,41.8,0.59,1.71,2.8,3.78
18,Elite,0.174,47.9,62.0,102.2,137.5,45.7,0.6,1.5,2.8,3.79
19,Elite,0.135,46.5,58.6,104.8,126.8,49.2,0.61,1.8,2.91,3.86
20,Elite,0.176,44.4,57.9,92.3,136.4,40.3,0.58,1.61,2.87,3.78
21,Elite,0.124,49.2,63.1,98.9,122.2,47.0,0.62,1.61,2.8,3.79
22,Elite,0.176,42.1,63.1,95.7,136.9,43.0,0.64,1.5,2.85,3.77
23,Elite,0.141,44.4,63.7,104.5,122.5,49.2,0.63,1.61,2.8,3.82
24,Elite,0.126,45.5,64.1,102.6,127.9,49.7,0.55,1.78,2.8,3.86
25,Elite,0.149,46.8,60.1,102.6,135.9,49.4,0.6,1.72,2.8,3.85
26,Elite,0.135,51.8,60.0,97.0,123.0,44.7,0.56,1.66,2.8,3.78
27,Elite,0.137,43.0,63.0,96.2,124.6,48.6,0.57,1.5,2.84,3.84
28,Elite,0.138,47.7,61.5,94.1,134.4,48.4,0.65,1.5,2.93,3.81
29,Elite,0.168,48.9,62.0,90.8,134.4,43.2,0.56,1.5,2.8,3.75
30,Elite,0.152,40.7,63.0,103.0,132.8,48.3,0.6,1.51,2.88,3.86
31,Elite,0.139,49.1,63.9,102.2,133.9,40.4,0.61,1.54,2.8,3.76
32,Elite,0.157,42.6,58.4,105.0,130.9,46.0,0.62,1.5,2.9,3.84
33,Elite,0.163,41.0,58.8,104.9,125.0,42.3,0.61,1.55,2.97,3.81
34,Elite,0.136,54.2,55.9,98.3,126.9,41.2,0.55,1.54,2.8,3.78
35,Elite,0.145,54.5,60.8,101.5,123.6,40.8,0.58,1.53,2.84,3.72
36,Elite,0.127,52.1,55.4,104.2,138.2,47.0,0.6,1.76,2.8,3.86
37,Elite,0.131,44.6,59.7,102.7,131.7,43.4,0.56,1.64,2.8,3.85
38,Elite,0.161,41.5,60.4,93.7,128.0,47.2,0.59,1.54,2.8,3.82
39,Elite,0.131,50.3,57.9,96.8,129.2,40.7,0.55,1.5,2.8,3.79
40,Elite,0.152,46.6,60.9,91.9,138.9,43.2,0.56,1.75,2.8,3.8
41,Elite,0.163,41.8,55.3,104.3,123.1,45.4,0.59,1.68,2.8,3.85
42,Elite,0.126,47.4,55.4,99.1,131.7,47.9,0.56,1.5,2.95,3.89
43,Elite,0.154,40.5,63.2,93.4,130.1,43.2,0.61,1.67,2.8,3.79
44,Elite,0.135,53.6,58.6,100.1,132.2,46.3,0.62,1.52,2.8,3.79
45,Elite,0.178,43.9,56.3,99.3,120.4,48.9,0.63,1.5,2.8,3.81
46,Elite,0.149,49.9,60.2,95.4,137.4,46.2,0.57,1.69,2.8,3.81
47,Elite,0.168,44.7,62.7,91.7,138.6,42.3,0.57,1.7,2.8,3.77
48,Elite,0.153,47.8,57.2,100.1,131.3,40.2,0.56,1.5,2.8,3.79
49,Elite,0.123,48.2,61.2,97.8,133.9,48.7,0.61,1.6,2.8,3.84
50,Elite,0.158,42.8,55.9,101.6,138.4,40.2,0.62,1.5,2.93,3.83
51,Elite,0.177,54.5,55.5,97.8,134.1,48.7,0.55,1.5,2.8,3.8
52,Elite,0.156,51.6,60.3,102.8,123.1,45.3,0.64,1.64,2.8,3.75
53,Elite,0.169,54.1,60.4,98.3,131.5,49.4,0.56,1.5,2.8,3.78
54,Elite,0.173,53.4,61.4,98.4,132.1,48.0,0.6,1.5,2.8,3.76
55,Elite,0.134,49.0,62.3,103.1,128.5,50.0,0.62,1.71,2.8,3.83
56,Elite,0.133,53.8,64.8,96.1,134.7,43.5,0.64,1.5,2.92,3.73
57,Elite,0.157,41.3,60.2,92.0,138.7,47.7,0.62,1.62,2.8,3.84
58,Elite,0.145,42.9,58.2,90.4,138.5,44.0,0.63,1.5,3.01,3.83
59,Elite,0.17,40.7,63.0,101.3,129.0,44.8,0.58,1.74,2.8,3.81
60,Elite,0.174,44.9,57.7,99.3,122.3,46.3,0.63,1.5,2.8,3.79
61,Elite,0.141,45.8,59.4,100.6,139.7,48.7,0.56,1.63,2.93,3.88
62,Elite,0.134,44.1,55.8,93.2,136.8,49.8,0.64,1.5,2.97,3.88
63,Elite,0.167,52.4,55.3,92.0,122.5,47.7,0.6,1.72,2.8,3.77
64,Elite,0.136,45.4,64.6,90.2,138.4,44.2,0.63,1.5,2.85,3.78
65,Elite,0.169,44.2,63.4,95.3,137.4,44.2,0.6,1.5,2.8,3.78
66,Elite,0.145,48.1,62.0,98.8,130.4,47.4,0.61,1.5,2.95,3.8
67,Elite,0.16,42.1,59.1,95.9,131.8,42.4,0.6,1.5,2.94,3.8
68,Elite,0.126,52.0,56.7,96.6,128.0,41.1,0.62,1.5,2.8,3.77
69,Elite,0.157,41.1,56.6,103.6,121.1,43.5,0.56,1.5,2.8,3.84
70,Elite,0.147,54.8,57.5,95.2,126.7,42.9,0.56,1.5,2.8,3.76
71,Elite,0.155,51.6,60.5,97.7,136.1,43.0,0.57,1.52,2.81,3.77
72,Elite,0.13,43.0,62.1,101.8,120.1,42.3,0.57,1.5,2.8,3.81
73,Elite,0.164,40.1,61.6,95.9,126.7,40.4,0.64,1.5,2.8,3.76
74,Elite,0.172,52.2,57.8,99.3,128.0,40.2,0.57,1.5,2.8,3.73
75,Elite,0.133,50.6,64.5,102.9,130.7,49.9,0.65,1.5,2.8,3.8
76,Elite,0.126,50.9,62.4,104.2,138.4,44.3,0.58,1.52,2.8,3.82
77,Elite,0.121,51.6,60.5,92.2,126.9,43.8,0.57,1.62,2.8,3.78
78,Elite,0.159,41.1,61.1,103.9,126.9,46.8,0.63,1.5,2.89,3.83
79,Elite,0.156,45.4,59.2,97.4,134.8,42.2,0.62,1.5,2.8,3.79
80,Elite,0.153,41.7,57.5,93.9,129.0,49.5,0.6,1.5,2.95,3.86
81,Elite,0.134,52.9,58.6,96.9,124.5,47.9,0.61,1.5,2.8,3.79
82,Elite,0.143,49.3,62.6,104.7,129.0,40.9,0.62,1.5,2.83,3.75
83,Elite,0.156,45.0,55.1,97.4,122.8,44.2,0.57,1.53,2.8,3.82
84,Elite,0.15,41.0,56.2,94.9,123.5,48.8,0.65,1.5,2.8,3.85
85,Elite,0.179,44.7,55.5,99.5,130.0,49.4,0.65,1.5,2.92,3.83
86,Elite,0.128,44.9,55.4,93.6,128.4,44.7,0.62,1.58,3.01,3.84
87,Elite,0.162,50.9,63.6,91.1,138.3,46.1,0.57,1.5,2.89,3.76
88,Elite,0.144,49.6,62.0,91.9,127.2,41.7,0.62,1.5,2.8,3.73
89,Elite,0.146,53.3,59.7,91.9,131.6,49.9,0.56,1.7,2.8,3.8
90,Elite,0.163,47.1,56.0,92.3,132.6,42.3,0.55,1.64,2.98,3.8
91,Elite,0.162,41.8,59.9,92.1,120.3,49.4,0.58,1.5,2.8,3.82
92,Elite,0.179,50.7,59.7,99.6,133.3,46.5,0.6,1.63,2.8,3.77
93,Elite,0.128,51.4,56.7,92.7,123.6,46.1,0.64,1.5,2.8,3.79
94,Elite,0.126,48.4,59.3,95.2,139.2,45.1,0.62,1.5,2.8,3.83
95,Elite,0.163,51.6,59.0,103.5,123.0,42.3,0.62,1.5,2.8,3.74
96,Elite,0.155,47.4,61.2,97.1,128.3,41.8,0.59,1.5,2.8,3.76
97,Elite,0.136,47.8,61.4,100.0,121.7,42.2,0.58,1.59,2.96,3.77
98,Elite,0.125,46.4,55.5,92.6,139.9,41.9,0.59,1.5,3.0,3.84
99,Elite,0.125,40.4,58.7,92.9,130.0,47.8,0.65,1.57,2.94,3.87
100,Elite,0.174,41.6,61.3,90.6,131.9,43.5,0.55,1.5,2.98,3.79
101,Elite,0.132,40.5,60.0,92.5,121.3,40.6,0.64,1.67,2.8,3.78
102,Elite,0.139,49.5,63.6,94.2,135.0,49.7,0.61,1.5,2.8,3.81
103,Elite,0.134,44.7,61.6,92.7,124.2,48.8,0.59,1.68,2.8,3.83
104,Elite,0.141,47.6,56.6,91.3,138.0,49.3,0.62,1.63,2.96,3.85
105,Elite,0.124,53.6,55.7,91.8,124.1,49.9,0.6,1.65,2.87,3.82
106,Elite,0.151,43.7,61.4,96.9,123.8,41.7,0.64,1.61,2.8,3.76
107,Elite,0.124,46.2,55.3,93.1,120.7,44.0,0.64,1.5,2.8,3.81
108,Elite,0.168,51.3,60.9,95.5,129.4,47.6,0.59,1.53,2.93,3.76
109,Elite,0.134,43.4,64.4,97.6,131.3,47.0,0.58,1.5,2.8,3.83
110,Elite,0.152,41.2,60.8,100.4,121.3,41.5,0.61,1.5,2.8,3.79
111,Elite,0.173,44.3,58.9,90.6,135.5,48.2,0.64,1.5,2.8,3.81
112,Elite,0.159,42.4,61.4,102.0,129.1,42.2,0.57,1.69,2.8,3.8
113,Elite,0.152,53.9,59.6,99.4,130.5,42.2,0.61,1.5,2.91,3.74
114,Elite,0.139,52.1,60.5,91.2,128.8,45.4,0.61,1.5,2.92,3.76
115,Elite,0.14,49.5,64.4,103.1,128.0,45.9,0.62,1.5,2.8,3.77
116,Elite,0.16,53.1,58.9,103.8,131.2,45.8,0.56,1.72,2.82,3.79
117,Elite,0.18,52.1,64.6,90.9,123.1,40.9,0.62,1.5,2.8,3.7
118,Elite,0.16,42.8,64.1,94.2,123.6,48.8,0.64,1.5,2.8,3.78
119,Elite,0.153,53.4,57.0,102.1,137.2,42.7,0.57,1.5,2.92,3.79
120,Elite,0.164,48.1,55.7,101.2,138.9,41.3,0.57,1.67,2.8,3.81
121,Elite,0.148,52.1,56.0,92.8,127.5,48.9,0.65,1.5,2.84,3.79
122,Elite,0.124,53.4,55.2,93.1,125.4,49.6,0.57,1.66,2.8,3.84
123,Elite,0.154,44.8,55.9,95.6,132.9,48.6,0.64,1.68,2.8,3.85
124,Elite,0.177,41.7,61.8,97.3,128.2,48.1,0.6,1.5,2.8,3.81
125,Elite,0.131,43.4,55.7,99.3,120.5,46.6,0.57,1.67,2.8,3.87
126,Elite,0.161,46.4,58.2,95.5,123.1,45.5,0.64,1.57,2.8,3.78
127,Elite,0.132,52.3,63.4,96.9,134.3,40.9,0.59,1.75,2.8,3.75
128,Elite,0.152,52.9,55.2,101.2,133.2,44.1,0.6,1.5,2.8,3.8
129,Elite,0.126,40.1,63.1,90.6,120.5,43.7,0.59,1.5,2.86,3.81
130,Elite,0.147,47.7,57.8,93.8,124.4,42.6,0.61,1.5,2.97,3.77
131,Elite,0.165,46.3,56.2,100.7,124.6,47.2,0.57,1.5,2.89,3.83
132,Elite,0.141,43.3,62.0,103.4,133.4,45.0,0.59,1.72,2.93,3.84
133,Elite,0.16,41.8,61.3,97.7,120.4,40.8,0.65,1.5,2.8,3.75
134,Elite,0.168,45.1,63.8,98.0,122.1,42.2,0.58,1.5,2.8,3.74
135,Elite,0.176,54.1,62.4,91.6,136.0,46.8,0.62,1.64,2.8,3.72
136,Elite,0.134,44.8,63.0,96.7,123.6,40.8,0.58,1.5,2.96,3.77
137,Elite,0.144,47.8,57.8,98.0,133.1,48.5,0.63,1.5,2.8,3.84
138,Elite,0.129,50.5,56.8,93.6,124.8,45.0,0.56,1.78,2.85,3.81
139,Elite,0.18,45.5,62.5,94.0,122.0,44.8,0.65,1.5,2.8,3.72
140,Elite,0.176,54.6,63.1,95.7,124.9,45.9,0.6,1.53,2.8,3.7
141,Elite,0.152,54.4,64.9,90.3,134.4,48.2,0.57,1.56,2.8,3.75
142,Elite,0.171,43.8,59.1,94.8,137.1,43.5,0.56,1.5,2.94,3.81
143,Elite,0.151,47.5,58.7,93.2,136.6,46.8,0.57,1.5,2.98,3.83
144,Elite,0.157,44.5,62.8,94.9,127.9,45.7,0.6,1.5,2.8,3.78
145,Elite,0.125,44.3,58.4,91.8,133.4,42.7,0.58,1.5,2.8,3.83
146,Elite,0.165,40.6,64.3,103.4,124.1,48.8,0.63,1.69,2.8,3.81
147,Elite,0.128,49.1,63.6,98.9,125.9,48.0,0.59,1.5,2.95,3.8
148,Elite,0.17,47.5,59.3,100.2,137.9,46.6,0.57,1.5,2.82,3.82
149,Elite,0.167,40.8,62.5,101.8,120.3,48.5,0.61,1.5,2.8,3.81
150,Elite,0.163,44.2,62.5,97.5,121.7,48.7,0.62,1.5,2.8,3.79
151,Elite,0.122,53.6,56.0,91.3,124.2,47.1,0.57,1.5,2.95,3.81
152,Elite,0.138,43.6,64.0,98.1,120.5,48.4,0.57,1.5,3.02,3.82
153,Elite,0.136,42.2,60.1,98.8,123.6,47.0,0.55,1.5,2.8,3.86
154,Elite,0.142,47.3,63.3,101.2,131.7,46.8,0.62,1.66,2.82,3.8
155,Elite,0.125,54.8,58.2,96.5,128.4,46.2,0.62,1.76,2.85,3.78
156,Elite,0.176,43.6,64.0,91.9,137.9,47.5,0.6,1.63,2.98,3.79
157,Elite,0.153,50.1,58.9,94.3,136.3,41.6,0.63,1.5,2.8,3.76
158,Elite,0.138,51.4,55.1,95.4,126.8,48.8,0.63,1.5,2.8,3.82
159,Elite,0.144,43.6,64.1,99.7,125.2,48.7,0.61,1.5,2.8,3.82
160,Elite,0.147,50.9,55.9,98.6,127.6,40.3,0.64,1.5,2.8,3.75
161,Elite,0.156,45.5,58.2,95.3,131.8,48.3,0.57,1.5,2.8,3.84
162,Elite,0.151,49.5,64.5,104.8,125.4,41.3,0.56,1.5,2.91,3.75
163,Elite,0.175,49.5,64.5,99.1,132.5,43.4,0.58,1.69,2.8,3.73
164,Elite,0.15,48.0,60.7,93.6,128.2,47.4,0.56,1.78,2.82,3.81
165,Elite,0.18,41.4,61.3,91.5,131.0,41.6,0.6,1.5,2.8,3.76
166,Elite,0.171,52.5,59.5,92.3,128.7,48.2,0.64,1.5,2.8,3.74
167,Elite,0.133,44.8,57.9,93.7,125.9,48.3,0.55,1.5,2.94,3.86
168,Elite,0.176,42.8,58.3,92.4,139.0,45.1,0.56,1.7,2.98,3.83
169,Elite,0.127,40.6,61.7,92.8,135.3,40.1,0.6,1.8,2.86,3.82
170,Elite,0.169,48.9,62.5,94.3,122.8,42.9,0.64,1.5,2.86,3.71
171,Elite,0.143,50.2,62.9,92.6,137.4,46.2,0.58,1.6,2.9,3.79
172,Elite,0.173,40.2,62.9,103.5,129.7,49.8,0.6,1.8,2.8,3.84
173,Elite,0.172,47.7,55.9,91.2,137.9,46.3,0.55,1.5,2.8,3.82
174,Elite,0.168,43.4,59.9,97.9,136.0,42.6,0.56,1.72,2.8,3.81
175,Elite,0.167,49.7,55.6,96.2,128.5,46.3,0.65,1.5,2.8,3.78
176,Elite,0.138,42.6,60.5,104.7,120.4,45.4,0.65,1.6,2.8,3.82
177,Elite,0.125,50.4,59.4,91.7,125.4,47.8,0.55,1.68,2.8,3.82
178,Elite,0.144,45.8,63.9,96.0,130.8,41.1,0.65,1.5,2.8,3.74
179,Elite,0.13,54.1,58.5,104.5,132.7,47.6,0.61,1.5,2.86,3.82
180,Elite,0.162,42.1,56.2,103.0,125.2,45.4,0.64,1.52,2.88,3.83
181,Elite,0.141,45.1,56.4,102.3,122.8,49.6,0.6,1.5,2.87,3.87
182,Elite,0.179,41.7,62.6,93.9,136.7,43.4,0.6,1.68,2.8,3.78
183,Elite,0.158,53.9,61.2,92.6,139.7,46.3,0.6,1.5,2.8,3.76
184,Elite,0.169,53.2,56.0,100.0,130.5,49.3,0.62,1.61,2.84,3.8
185,Elite,0.128,43.9,55.8,103.9,123.4,41.0,0.56,1.5,2.98,3.85
186,Elite,0.172,49.9,62.0,98.4,125.4,49.4,0.55,1.5,2.8,3.78
187,Elite,0.175,52.3,55.7,98.6,120.4,46.9,0.58,1.5,2.91,3.77
188,Elite,0.149,48.3,63.2,94.2,138.3,40.7,0.62,1.5,2.8,3.75
189,Elite,0.156,47.9,62.1,101.5,122.4,43.0,0.57,1.71,2.8,3.76
190,Elite,0.166,43.6,55.8,92.8,131.5,47.1,0.62,1.81,2.8,3.83
191,Elite,0.13,41.4,55.8,94.9,125.5,40.7,0.65,1.5,2.8,3.82
192,Elite,0.15,53.5,64.9,96.4,131.1,45.8,0.56,1.5,2.8,3.75
193,Elite,0.144,53.5,58.7,97.6,133.0,43.5,0.62,1.5,2.8,3.76
194,Elite,0.129,49.5,58.7,93.6,136.6,46.2,0.59,1.64,2.8,3.83
195,Elite,0.142,45.1,63.1,91.7,124.1,40.5,0.64,1.5,2.8,3.73
196,Elite,0.124,45.2,64.5,99.2,120.2,48.7,0.57,1.81,2.94,3.83
197,Elite,0.122,50.9,64.9,94.3,122.7,49.7,0.62,1.5,2.97,3.78
198,Elite,0.128,53.5,62.5,98.7,138.0,49.7,0.63,1.5,2.87,3.81
199,Elite,0.178,53.3,58.8,92.3,137.5,47.5,0.64,1.5,2.8,3.75
200,Elite,0.153,51.7,55.8,97.2,131.9,41.3,0.62,1.55,2.8,3.76
201,Elite,0.178,49.6,62.8,98.0,132.0,47.6,0.6,1.5,2.8,3.76
202,Elite,0.146,41.3,60.6,90.8,133.3,40.2,0.61,1.5,2.89,3.79
203,Elite,0.139,42.4,59.2,95.0,123.5,40.2,0.64,1.53,2.92,3.78
204,Elite,0.15,53.5,64.1,92.0,138.3,43.2,0.61,1.5,2.8,3.72
205,Elite,0.146,49.1,56.1,91.0,128.4,44.9,0.55,1.5,2.96,3.81
206,Elite,0.126,40.1,59.9,104.8,127.7,47.7,0.64,1.5,2.84,3.88
207,Elite,0.158,41.5,55.1,94.8,130.4,46.8,0.62,1.5,2.8,3.85
208,Elite,0.133,50.0,59.7,102.1,120.9,44.5,0.62,1.56,2.8,3.78
209,Elite,0.157,40.1,55.6,93.8,123.3,42.7,0.57,1.6,2.99,3.83
210,Elite,0.159,42.4,56.2,100.2,134.8,50.0,0.62,1.5,3.05,3.88
211,Elite,0.129,48.2,56.2,101.4,121.7,44.3,0.59,1.81,2.97,3.82
212,Elite,0.124,50.4,61.5,98.9,132.1,44.5,0.62,1.5,2.8,3.79
213,Elite,0.167,49.8,62.5,97.1,124.9,41.6,0.56,1.5,2.8,3.73
214,Elite,0.148,43.4,60.8,96.2,127.8,47.9,0.62,1.5,2.9,3.82
215,Elite,0.123,50.7,64.6,95.2,125.8,46.9,0.65,1.5,2.8,3.76
216,Elite,0.18,43.6,58.7,103.9,127.1,42.2,0.55,1.55,2.8,3.8
217,Elite,0.123,44.9,57.9,102.5,134.4,40.8,0.65,1.55,3.0,3.82
218,Elite,0.162,51.2,63.7,104.5,125.9,46.8,0.59,1.7,2.8,3.76
219,Elite,0.179,49.7,57.2,91.9,131.3,46.5,0.64,1.5,2.8,3.76
220,Elite,0.134,52.7,64.6,101.0,129.5,42.7,0.63,1.52,2.8,3.73
221,Elite,0.129,49.9,55.1,104.1,133.3,49.5,0.61,1.61,2.93,3.88
222,Elite,0.127,48.5,64.7,92.7,138.7,41.5,0.62,1.5,2.8,3.76
223,Elite,0.138,41.4,55.4,91.0,134.7,44.3,0.64,1.5,2.8,3.85
224,Elite,0.126,45.5,63.9,101.1,124.3,49.4,0.59,1.69,2.8,3.84
225,Elite,0.162,44.0,60.3,98.6,120.6,44.2,0.58,1.5,2.8,3.79
226,Elite,0.124,43.7,64.9,102.6,125.2,46.4,0.62,1.5,2.8,3.82
227,Elite,0.151,54.6,55.7,92.1,131.9,44.0,0.63,1.7,2.8,3.75
228,Elite,0.18,45.9,60.5,101.9,121.0,42.7,0.63,1.67,2.8,3.74
229,Elite,0.169,53.4,64.7,93.0,129.9,49.8,0.63,1.6,2.8,3.73
230,Elite,0.157,49.5,60.2,92.5,131.9,44.1,0.59,1.5,2.88,3.77
231,Elite,0.138,51.9,61.3,92.5,126.7,48.9,0.63,1.65,2.8,3.77
232,Elite,0.157,47.5,62.0,102.2,135.4,42.3,0.56,1.5,2.8,3.79
233,Elite,0.152,48.7,59.5,100.0,122.1,42.1,0.6,1.5,2.8,3.76
234,Elite,0.146,47.4,61.3,97.8,121.5,40.3,0.55,1.5,2.8,3.76
235,Elite,0.128,42.9,60.8,95.4,134.6,46.5,0.58,1.66,3.05,3.86
236,Elite,0.173,50.8,64.0,103.2,129.9,43.7,0.59,1.5,2.8,3.73
237,Elite,0.147,44.2,55.5,95.9,133.8,48.6,0.59,1.5,3.05,3.88
238,Elite,0.132,40.4,57.8,102.2,128.7,44.7,0.62,1.5,2.8,3.87
239,Elite,0.142,49.7,64.5,96.6,124.9,49.7,0.59,1.5,2.8,3.79
240,Elite,0.145,42.7,63.9,95.7,136.4,41.9,0.59,1.5,2.83,3.8
241,Elite,0.17,54.1,59.6,96.9,136.0,48.7,0.57,1.5,2.8,3.78
242,Elite,0.164,54.3,61.2,94.5,133.9,47.8,0.59,1.5,2.8,3.76
243,Elite,0.166,53.7,57.8,101.2,125.4,47.7,0.57,1.5,2.8,3.78
244,Elite,0.121,45.6,56.9,97.5,131.8,48.4,0.56,1.85,2.86,3.89
245,Elite,0.145,40.2,59.6,93.5,127.2,47.6,0.61,1.84,2.84,3.85
246,Elite,0.149,53.9,58.5,103.5,121.8,46.3,0.62,1.6,2.8,3.77
247,Elite,0.121,46.4,60.8,95.8,138.3,41.3,0.61,1.5,2.88,3.81
248,Elite,0.136,54.5,55.8,98.2,122.7,40.3,0.6,1.5,2.89,3.75
249,Elite,0.166,54.5,64.7,103.6,139.0,49.2,0.59,1.5,2.8,3.77
250,Elite,0.128,52.8,64.9,99.4,128.9,46.2,0.64,1.5,2.8,3.75
251,Average,0.217,60.4,63.9,101.9,149.8,53.9,0.5,2.05,3.78,4.77
252,Average,0.188,57.2,63.7,118.2,147.9,56.7,0.52,2.13,3.8,4.86
253,Average,0.222,55.1,73.6,113.4,142.2,52.6,0.44,2.3,3.78,4.75
254,Average,0.188,57.4,63.7,116.6,153.7,53.5,0.49,2.3,3.8,4.85
255,Average,0.204,64.8,64.1,117.6,131.0,59.2,0.49,2.3,3.8,4.79
256,Average,0.19,63.0,71.4,111.4,128.3,52.9,0.52,2.3,3.57,4.7
257,Average,0.228,64.6,66.7,110.3,150.6,54.7,0.54,2.3,3.43,4.73
258,Average,0.194,59.9,71.7,108.6,138.2,58.9,0.4,2.3,3.77,4.8
259,Average,0.207,56.1,61.0,106.3,150.4,57.1,0.5,2.3,3.8,4.85
260,Average,0.243,60.5,67.3,108.7,151.8,50.6,0.41,2.08,3.74,4.74
261,Average,0.194,59.5,60.5,115.5,126.9,51.5,0.48,2.3,3.8,4.79
262,Average,0.216,63.4,60.9,112.0,151.5,50.1,0.44,2.19,3.54,4.78
263,Average,0.209,56.0,73.6,117.9,138.4,56.3,0.45,2.3,3.78,4.79
264,Average,0.181,59.9,62.1,108.9,140.3,54.5,0.45,2.3,3.8,4.83
265,Average,0.235,56.5,68.0,112.1,143.8,51.3,0.49,2.3,3.61,4.74
266,Average,0.185,58.2,66.2,112.6,152.8,59.6,0.45,2.3,3.8,4.88
267,Average,0.213,62.4,65.2,111.8,125.6,55.3,0.51,2.25,3.61,4.73
268,Average,0.219,59.8,73.5,114.1,139.3,52.4,0.46,2.3,3.8,4.72
269,Average,0.224,58.8,60.3,104.7,145.6,55.0,0.41,2.3,3.61,4.82
270,Average,0.228,58.9,70.0,110.2,146.7,56.8,0.52,2.3,3.48,4.75
271,Average,0.198,59.6,74.5,102.1,145.8,50.8,0.44,2.28,3.6,4.72
272,Average,0.181,62.9,68.4,107.7,129.0,52.7,0.46,2.02,3.46,4.74
273,Average,0.231,63.9,74.1,109.8,134.0,58.1,0.5,2.3,3.8,4.69
274,Average,0.217,64.6,60.8,113.0,135.8,54.6,0.45,2.19,3.74,4.78
275,Average,0.239,62.9,66.3,119.0,149.1,55.5,0.41,2.26,3.69,4.79
276,Average,0.237,58.2,63.9,112.0,133.4,54.3,0.46,2.01,3.67,4.76
277,Average,0.239,61.9,71.0,114.9,131.3,50.4,0.54,1.99,3.65,4.65
278,Average,0.214,59.4,74.7,110.1,153.7,51.7,0.5,2.27,3.75,4.72
279,Average,0.203,57.5,63.8,112.7,125.3,54.5,0.5,2.25,3.8,4.78
280,Average,0.235,63.4,69.8,101.4,154.9,52.1,0.49,1.98,3.7,4.7
281,Average,0.212,55.4,63.0,105.1,145.3,50.5,0.43,2.3,3.8,4.8
282,Average,0.193,64.0,68.5,107.2,149.9,58.4,0.46,2.3,3.63,4.8
283,Average,0.24,59.6,67.0,109.4,133.8,59.8,0.51,2.3,3.8,4.75
284,Average,0.242,61.4,74.6,100.9,125.4,57.9,0.42,2.01,3.8,4.67
285,Average,0.213,61.6,69.1,102.8,147.1,58.5,0.44,2.14,3.7,4.78
286,Average,0.185,64.0,65.2,105.5,150.0,52.4,0.44,2.3,3.69,4.79
287,Average,0.207,61.4,61.7,119.4,147.2,59.6,0.46,2.3,3.63,4.87
288,Average,0.236,61.1,62.3,106.6,129.3,52.0,0.55,2.3,3.6,4.69
289,Average,0.243,55.7,63.4,109.6,147.6,59.5,0.41,2.3,3.8,4.85
290,Average,0.194,60.2,63.8,103.9,148.1,59.9,0.48,2.06,3.64,4.84
291,Average,0.185,56.5,72.8,112.2,144.8,57.1,0.43,2.3,3.75,4.82
292,Average,0.241,62.4,68.4,105.6,148.0,59.8,0.55,2.3,3.8,4.74
293,Average,0.207,60.1,67.9,104.1,150.4,55.7,0.42,2.3,3.72,4.8
294,Average,0.218,61.8,61.7,110.3,143.4,52.6,0.46,2.19,3.53,4.78
295,Average,0.248,55.4,72.9,100.1,127.7,54.4,0.51,2.3,3.67,4.67
296,Average,0.185,55.8,70.8,100.2,139.6,55.9,0.51,2.24,3.8,4.77
297,Average,0.225,62.2,61.0,104.4,127.3,50.7,0.46,2.29,3.8,4.72
298,Average,0.185,55.7,70.6,100.7,137.2,56.2,0.45,2.3,3.8,4.79
299,Average,0.206,55.7,68.2,102.2,137.2,59.8,0.46,2.3,3.79,4.81
300,Average,0.236,55.1,61.2,106.8,127.0,51.9,0.44,2.3,3.67,4.77
301,Average,0.21,64.6,66.9,116.1,135.5,57.9,0.43,2.3,3.8,4.78
302,Average,0.25,62.4,67.3,111.4,128.3,59.1,0.47,1.97,3.45,4.72
303,Average,0.219,58.5,62.5,110.3,149.2,59.4,0.44,2.21,3.68,4.86
304,Average,0.202,58.0,74.2,105.9,153.4,59.6,0.44,2.02,3.72,4.81
305,Average,0.195,58.5,72.7,118.6,127.2,55.2,0.5,2.3,3.54,4.75
306,Average,0.205,62.7,70.0,107.9,153.7,59.8,0.55,2.0,3.8,4.78
307,Average,0.206,61.6,66.9,101.7,140.7,57.6,0.49,2.3,3.72,4.76
308,Average,0.185,56.9,66.2,112.3,134.0,51.6,0.41,2.3,3.69,4.81
309,Average,0.206,56.7,69.8,102.3,127.3,54.8,0.41,2.3,3.54,4.75
310,Average,0.212,56.0,68.2,106.9,140.0,57.2,0.54,2.3,3.59,4.78
311,Average,0.231,61.6,60.9,110.1,148.8,52.5,0.44,2.24,3.8,4.79
312,Average,0.226,62.6,67.7,117.5,146.2,56.4,0.41,2.3,3.52,4.79
313,Average,0.23,57.7,72.1,109.9,126.5,56.7,0.49,2.3,3.8,4.71
314,Average,0.181,55.2,66.9,114.0,127.2,51.6,0.49,2.29,3.54,4.78
315,Average,0.195,55.8,60.8,119.9,137.1,55.7,0.5,2.3,3.57,4.86
316,Average,0.226,64.7,71.8,102.6,133.9,57.7,0.44,2.24,3.8,4.7
317,Average,0.214,58.0,63.0,105.5,132.0,55.0,0.4,2.3,3.64,4.8
318,Average,0.18,62.7,63.9,107.9,133.4,50.1,0.54,2.07,3.8,4.73
319,Average,0.236,61.2,62.5,108.4,149.1,50.1,0.44,2.1,3.76,4.76
320,Average,0.234,58.8,65.0,108.2,152.9,53.6,0.5,2.3,3.71,4.77
321,Average,0.218,57.1,71.4,118.2,137.2,59.3,0.51,2.3,3.69,4.78
322,Average,0.185,56.2,67.8,114.3,152.2,52.3,0.49,2.3,3.55,4.82
323,Average,0.234,61.2,63.1,112.2,134.6,56.3,0.45,2.13,3.63,4.77
324,Average,0.221,62.7,73.2,106.2,139.3,52.2,0.44,2.3,3.65,4.69
325,Average,0.235,61.4,73.2,116.5,131.8,53.2,0.49,2.3,3.48,4.68
326,Average,0.233,60.3,73.1,119.1,144.2,58.5,0.53,2.3,3.46,4.74
327,Average,0.236,55.4,63.6,116.4,154.4,57.3,0.54,2.3,3.8,4.83
328,Average,0.216,64.7,66.8,100.0,143.1,51.0,0.42,2.3,3.42,4.71
329,Average,0.19,63.0,74.8,112.7,135.7,54.3,0.42,2.06,3.8,4.73
330,Average,0.227,57.9,71.6,101.0,144.4,50.3,0.54,2.3,3.47,4.68
331,Average,0.223,64.8,60.4,105.2,128.7,54.8,0.51,2.3,3.78,4.72
332,Average,0.232,61.0,61.0,101.2,151.7,56.6,0.53,2.13,3.8,4.78
333,Average,0.192,60.8,67.0,112.1,140.1,51.2,0.43,2.12,3.76,4.78
334,Average,0.194,62.5,73.6,113.7,138.5,52.9,0.49,2.3,3.6,4.72
335,Average,0.242,63.1,68.1,102.3,142.6,54.0,0.51,2.3,3.7,4.69
336,Average,0.232,61.6,67.5,107.7,143.7,59.2,0.5,2.3,3.8,4.76
337,Average,0.244,56.3,61.6,109.1,127.2,59.9,0.46,2.05,3.7,4.8
338,Average,0.233,58.4,69.9,107.4,145.5,50.4,0.4,2.3,3.49,4.74
339,Average,0.222,64.3,72.3,102.4,132.3,57.6,0.49,1.93,3.69,4.68
340,Average,0.226,57.2,65.7,108.4,146.4,53.7,0.44,2.24,3.8,4.79
341,Average,0.242,58.7,71.6,115.0,149.7,53.9,0.47,2.3,3.72,4.74
342,Average,0.221,59.3,74.5,101.4,149.1,57.5,0.54,2.3,3.8,4.72
343,Average,0.224,59.4,63.1,101.6,141.6,59.2,0.46,2.3,3.59,4.8
344,Average,0.191,61.1,67.8,107.1,140.6,59.5,0.53,2.3,3.58,4.79
345,Average,0.213,64.4,64.3,118.8,129.3,55.8,0.43,2.3,3.68,4.77
346,Average,0.23,57.4,71.9,113.4,148.3,53.6,0.5,2.21,3.76,4.74
347,Average,0.199,56.2,68.7,113.6,133.1,57.9,0.55,2.01,3.59,4.79
348,Average,0.194,57.0,69.5,107.2,139.9,52.5,0.42,2.3,3.7,4.78
349,Average,0.202,63.9,72.0,111.9,133.5,55.6,0.4,2.17,3.53,4.74
350,Average,0.197,61.5,65.9,100.2,129.0,53.6,0.47,2.3,3.61,4.73
351,Average,0.195,57.9,73.7,112.7,143.9,56.6,0.41,2.3,3.61,4.8
352,Average,0.21,63.2,68.0,118.3,126.6,52.4,0.51,2.3,3.61,4.71
353,Average,0.244,63.6,62.4,112.3,147.5,51.9,0.54,2.23,3.71,4.72
354,Average,0.215,63.5,70.4,117.5,134.5,59.2,0.47,2.01,3.48,4.76
355,Average,0.193,64.2,71.9,114.5,125.0,51.0,0.44,2.16,3.62,4.69
356,Average,0.185,57.5,64.8,102.4,140.3,55.1,0.47,2.3,3.71,4.81
357,Average,0.229,62.6,72.9,118.0,126.4,52.2,0.51,2.3,3.75,4.66
358,Average,0.207,59.6,73.6,101.3,133.3,50.4,0.4,2.26,3.59,4.7
359,Average,0.238,63.4,64.2,110.7,146.2,50.4,0.49,2.3,3.63,4.72
360,Average,0.226,62.3,74.8,102.8,126.9,51.8,0.49,1.96,3.74,4.63
361,Average,0.236,62.8,62.1,100.2,150.2,58.7,0.5,2.13,3.8,4.78
362,Average,0.199,61.6,63.0,108.4,125.1,52.8,0.44,2.27,3.66,4.76
363,Average,0.228,56.8,62.8,105.9,132.4,59.5,0.51,2.3,3.61,4.79
364,Average,0.198,60.5,73.4,109.7,147.2,55.8,0.41,2.3,3.72,4.78
365,Average,0.246,64.8,69.8,111.5,134.5,54.4,0.43,2.3,3.78,4.69
366,Average,0.225,64.4,62.3,100.9,128.1,55.8,0.53,2.3,3.57,4.7
367,Average,0.203,55.4,66.6,102.5,135.8,55.2,0.51,2.3,3.8,4.78
368,Average,0.199,56.6,69.2,111.2,133.1,57.6,0.4,2.28,3.8,4.82
369,Average,0.193,56.3,61.3,106.9,150.3,52.8,0.44,2.3,3.8,4.85
370,Average,0.229,62.3,73.2,114.6,134.4,53.5,0.43,2.3,3.8,4.7
371,Average,0.195,63.2,72.1,113.0,148.7,58.9,0.44,2.3,3.8,4.8
372,Average,0.222,57.1,67.6,116.9,151.8,59.5,0.44,2.3,3.8,4.85
373,Average,0.199,60.1,74.5,113.8,138.0,58.9,0.41,2.3,3.8,4.79
374,Average,0.226,63.4,66.3,108.6,152.3,54.2,0.47,2.1,3.76,4.76
375,Average,0.237,62.3,74.8,113.5,136.3,57.8,0.51,2.3,3.63,4.69
376,Average,0.234,60.4,70.0,105.5,153.9,54.8,0.49,2.3,3.7,4.74
377,Average,0.233,60.9,69.5,106.1,127.7,55.0,0.5,2.3,3.7,4.69
378,Average,0.193,60.1,62.5,115.8,145.6,52.0,0.41,2.14,3.62,4.84
379,Average,0.186,58.0,73.2,108.9,139.8,55.9,0.54,2.3,3.8,4.75
380,Average,0.229,60.7,66.4,116.0,136.6,51.9,0.53,2.3,3.67,4.72
381,Average,0.206,61.9,62.4,116.4,144.0,53.3,0.52,2.3,3.8,4.79
382,Average,0.21,63.7,60.2,117.2,146.1,58.6,0.52,2.24,3.8,4.83
383,Average,0.182,61.4,68.4,118.3,125.1,52.1,0.54,1.96,3.64,4.73
384,Average,0.198,62.6,67.9,108.6,130.0,50.7,0.48,2.3,3.63,4.71
385,Average,0.182,56.6,70.8,106.4,146.4,50.7,0.43,2.08,3.55,4.79
386,Average,0.242,59.6,73.4,111.6,145.0,59.4,0.49,1.99,3.66,4.74
387,Average,0.197,55.1,61.2,107.4,154.0,55.1,0.51,2.13,3.58,4.86
388,Average,0.219,57.5,71.0,112.0,147.8,54.1,0.51,2.25,3.8,4.76
389,Average,0.183,62.3,62.8,114.1,153.5,58.1,0.48,2.3,3.8,4.86
390,Average,0.227,64.9,72.9,113.8,146.1,58.4,0.41,2.3,3.8,4.75
391,Average,0.203,56.0,72.3,107.5,133.9,53.3,0.46,2.15,3.8,4.75
392,Average,0.243,59.0,68.1,103.3,128.2,56.9,0.54,2.26,3.62,4.69
393,Average,0.242,63.0,70.7,108.6,148.5,57.7,0.49,2.19,3.61,4.73
394,Average,0.203,57.0,64.7,102.9,144.3,56.5,0.48,2.3,3.8,4.81
395,Average,0.243,60.6,67.1,117.8,126.4,51.5,0.44,2.12,3.44,4.71
396,Average,0.25,62.3,72.3,106.9,135.8,58.8,0.46,2.04,3.48,4.7
397,Average,0.238,61.2,66.9,103.1,153.7,55.4,0.53,2.3,3.79,4.74
398,Average,0.239,56.9,65.4,100.5,140.0,52.8,0.5,2.06,3.8,4.73
399,Average,0.197,58.6,67.4,112.9,138.0,54.3,0.52,2.3,3.8,4.77
400,Average,0.22,62.8,72.4,112.7,138.7,50.4,0.47,2.0,3.8,4.68
401,Average,0.185,60.5,65.0,106.8,131.3,51.3,0.49,2.3,3.8,4.75
402,Average,0.187,55.1,62.6,101.4,136.1,57.7,0.44,2.3,3.79,4.85
403,Average,0.25,62.6,70.7,108.2,136.1,50.0,0.51,1.91,3.72,4.64
404,Average,0.203,55.4,72.4,106.2,126.6,54.2,0.46,2.3,3.76,4.74
405,Average,0.232,62.5,61.5,113.5,148.0,55.2,0.47,2.11,3.5,4.79
406,Average,0.236,57.0,63.6,112.1,137.5,50.5,0.5,2.3,3.6,4.74
407,Average,0.24,64.6,62.1,107.3,149.7,59.7,0.54,2.3,3.5,4.77
408,Average,0.25,58.7,65.2,104.4,150.5,52.3,0.41,2.3,3.8,4.76
409,Average,0.197,58.3,66.8,119.8,131.4,53.0,0.52,2.3,3.78,4.77
410,Average,0.183,56.5,71.2,109.1,144.7,53.0,0.44,2.3,3.72,4.8
411,Average,0.209,58.1,69.8,113.8,139.2,52.3,0.47,2.3,3.8,4.75
412,Average,0.189,63.8,69.3,102.8,151.4,50.0,0.4,2.3,3.8,4.75
413,Average,0.182,65.0,65.3,109.7,131.5,57.3,0.45,2.3,3.64,4.78
414,Average,0.205,58.7,72.6,100.6,145.3,59.7,0.48,1.99,3.65,4.77
415,Average,0.235,59.5,67.1,110.1,143.2,52.2,0.41,1.98,3.74,4.75
416,Average,0.22,62.2,74.7,119.3,133.9,56.6,0.47,2.3,3.68,4.72
417,Average,0.202,63.9,69.5,107.7,129.1,57.4,0.54,2.13,3.7,4.71
418,Average,0.226,60.9,61.9,100.8,144.5,58.5,0.42,2.3,3.8,4.81
419,Average,0.196,58.9,70.1,100.6,147.2,54.2,0.51,2.21,3.78,4.75
420,Average,0.181,59.1,64.9,107.8,134.5,53.0,0.46,2.15,3.8,4.79
421,Average,0.234,62.0,70.3,103.2,144.3,53.3,0.5,1.93,3.8,4.69
422,Average,0.224,55.0,61.0,100.5,136.9,57.1,0.44,2.3,3.54,4.82
423,Average,0.233,61.2,62.6,115.1,146.4,58.2,0.42,2.2,3.73,4.83
424,Average,0.183,58.6,72.8,109.2,131.0,51.8,0.42,2.3,3.59,4.75
425,Average,0.239,62.9,63.4,105.8,151.7,53.7,0.41,1.98,3.8,4.77
426,Average,0.223,55.9,72.6,118.0,133.6,59.0,0.43,2.3,3.79,4.79
427,Average,0.219,60.9,64.2,102.3,136.0,58.1,0.5,2.28,3.8,4.76
428,Average,0.224,59.8,69.6,119.1,126.7,59.8,0.53,2.22,3.8,4.75
429,Average,0.241,61.4,70.4,106.3,128.3,57.5,0.52,2.13,3.79,4.68
430,Average,0.221,55.6,67.7,117.8,140.5,53.9,0.5,2.3,3.58,4.78
431,Average,0.221,60.8,64.6,112.1,133.0,55.9,0.42,2.03,3.64,4.78
432,Average,0.249,60.6,63.2,116.5,150.1,56.6,0.44,2.3,3.74,4.81
433,Average,0.233,60.6,60.5,119.7,125.4,50.8,0.45,2.25,3.71,4.75
434,Average,0.211,61.0,64.6,105.8,136.4,55.4,0.44,2.3,3.52,4.78
435,Average,0.23,61.8,69.8,119.2,135.1,57.1,0.48,2.3,3.8,4.74
436,Average,0.207,63.0,74.1,107.8,125.6,51.7,0.48,2.22,3.72,4.66
437,Average,0.196,57.7,73.1,107.7,128.7,57.8,0.45,2.3,3.79,4.76
438,Average,0.222,63.3,71.5,106.8,137.4,55.8,0.45,2.3,3.52,4.71
439,Average,0.245,60.0,71.8,110.8,139.8,59.5,0.52,2.3,3.43,4.73
440,Average,0.245,55.8,70.0,103.1,137.1,50.4,0.52,2.3,3.76,4.68
441,Average,0.204,55.6,63.9,111.1,140.9,52.7,0.45,2.21,3.58,4.82
442,Average,0.217,58.3,73.6,110.8,142.9,56.0,0.54,2.01,3.51,4.73
443,Average,0.195,62.8,70.1,115.2,125.3,53.0,0.54,2.3,3.79,4.7
444,Average,0.25,62.1,68.4,116.7,138.9,57.1,0.45,2.3,3.74,4.74
445,Average,0.249,62.9,61.7,108.8,153.9,57.6,0.45,2.3,3.8,4.8
446,Average,0.225,60.2,66.7,106.0,140.6,51.0,0.48,2.3,3.43,4.72
447,Average,0.236,59.4,66.9,105.2,145.3,55.1,0.54,2.2,3.8,4.73
448,Average,0.23,56.5,73.0,103.9,134.4,55.1,0.53,2.22,3.5,4.7
449,Average,0.222,58.3,68.2,101.2,148.2,53.7,0.42,2.3,3.8,4.77
450,Average,0.184,59.3,65.7,106.8,148.2,59.3,0.46,2.3,3.68,4.85
451,Average,0.212,55.9,74.7,105.4,140.6,58.3,0.48,2.3,3.75,4.76
452,Average,0.227,57.2,61.7,119.3,154.3,57.0,0.48,2.19,3.77,4.86
453,Average,0.227,61.0,66.3,111.2,128.8,57.1,0.43,1.98,3.54,4.76
454,Average,0.206,62.4,60.6,106.9,125.5,54.6,0.53,2.3,3.54,4.74
455,Average,0.246,65.0,71.1,111.6,148.1,59.2,0.5,2.3,3.49,4.72
456,Average,0.192,64.3,73.8,102.8,149.2,56.9,0.53,2.03,3.8,4.72
457,Average,0.215,61.4,64.2,108.9,128.6,57.3,0.53,2.01,3.6,4.75
458,Average,0.228,59.2,72.9,112.5,133.0,58.6,0.51,2.3,3.8,4.73
459,Average,0.229,61.4,64.4,109.8,125.5,52.7,0.47,2.3,3.7,4.71
460,Average,0.225,62.9,73.7,108.0,133.8,58.1,0.49,2.3,3.63,4.7
461,Average,0.199,56.2,71.3,119.9,148.2,52.0,0.42,2.3,3.8,4.81
462,Average,0.191,59.1,72.1,117.6,140.5,53.5,0.5,2.3,3.7,4.76
463,Average,0.225,63.4,60.3,112.5,135.4,53.4,0.43,2.3,3.47,4.77
464,Average,0.222,58.8,74.4,111.4,136.2,59.8,0.5,2.27,3.8,4.74
465,Average,0.193,60.7,70.9,112.4,125.0,58.6,0.43,2.3,3.63,4.77
466,Average,0.229,60.9,64.6,104.0,134.0,57.0,0.42,2.14,3.77,4.77
467,Average,0.212,56.8,72.4,107.9,144.4,57.3,0.42,2.3,3.8,4.79
468,Average,0.227,58.6,64.2,100.8,154.2,55.6,0.4,2.3,3.8,4.82
469,Average,0.239,58.3,73.1,109.5,150.4,59.5,0.51,2.29,3.49,4.76
470,Average,0.192,55.3,61.7,110.9,125.7,55.0,0.51,2.3,3.57,4.81
471,Average,0.181,55.2,70.6,104.6,152.0,53.8,0.48,2.03,3.56,4.81
472,Average,0.235,63.3,68.1,119.3,148.5,51.6,0.42,2.3,3.45,4.75
473,Average,0.223,57.7,61.4,118.2,148.4,57.9,0.41,2.3,3.8,4.88
474,Average,0.229,60.2,63.6,114.4,138.7,57.3,0.4,2.25,3.8,4.82
475,Average,0.239,58.0,60.2,110.7,136.9,53.8,0.42,2.3,3.67,4.8
476,Average,0.236,64.4,67.0,117.4,134.1,50.3,0.53,1.95,3.63,4.67
477,Average,0.247,57.6,64.5,102.6,127.0,58.4,0.44,2.3,3.75,4.76
478,Average,0.218,59.3,69.0,115.8,131.8,50.1,0.45,2.28,3.74,4.72
479,Average,0.214,63.7,64.5,102.5,132.4,57.0,0.42,2.3,3.66,4.76
480,Average,0.208,63.4,64.5,115.9,139.5,59.7,0.43,2.3,3.73,4.82
481,Average,0.191,56.9,71.1,105.5,147.4,54.4,0.48,2.11,3.8,4.78
482,Average,0.22,63.0,60.7,117.5,139.2,52.3,0.49,2.13,3.73,4.77
483,Average,0.199,59.6,73.5,118.9,126.7,57.0,0.44,2.3,3.68,4.76
484,Average,0.244,59.8,72.8,103.0,153.7,58.2,0.41,2.3,3.67,4.76
485,Average,0.221,56.3,70.0,109.3,153.3,55.5,0.46,2.15,3.8,4.8
486,Average,0.221,55.8,68.9,119.6,148.6,59.7,0.44,2.11,3.68,4.85
487,Average,0.205,62.3,73.4,109.7,154.7,50.5,0.43,2.3,3.8,4.73
488,Average,0.184,60.0,62.8,117.3,141.3,55.0,0.54,2.3,3.8,4.82
489,Average,0.182,59.4,61.2,111.8,153.9,57.2,0.49,2.3,3.69,4.88
490,Average,0.21,62.3,63.6,107.5,127.3,58.6,0.48,2.07,3.69,4.77
491,Average,0.186,62.7,71.9,105.7,136.0,51.8,0.46,2.3,3.78,4.71
492,Average,0.222,56.6,60.5,104.1,131.8,58.0,0.46,2.3,3.67,4.82
493,Average,0.242,61.1,68.7,115.2,130.9,55.5,0.48,2.12,3.64,4.72
494,Average,0.242,56.4,74.9,107.7,129.2,54.0,0.5,2.3,3.47,4.67
495,Average,0.226,62.5,72.8,110.2,143.7,51.3,0.51,2.29,3.51,4.68
496,Average,0.195,61.6,67.8,109.8,148.4,58.7,0.43,2.3,3.72,4.83
497,Average,0.24,64.6,61.0,111.5,142.3,51.6,0.48,2.3,3.69,4.73
498,Average,0.242,55.7,72.5,117.3,129.4,53.1,0.46,2.3,3.8,4.72
499,Average,0.194,55.6,69.0,119.6,149.3,52.9,0.53,2.3,3.8,4.81
500,Average,0.232,57.8,61.7,108.2,144.1,58.7,0.49,2.3,3.8,4.82
